1,Ân Thi,Huyện,"20 48 49N, 106 05 30E",22
2,Ô Môn,Quận,"10 07 28N, 105 37 51E",20
3,Đăk Đoa,Huyện,"14 07 02N, 108 09 36E",21
4,Đăk Pơ,Huyện,"13 55 47N, 108 36 16E",21
5,Đô Lương,Huyện,"18 55 00N, 105 21 03E",41
6,Đông Anh,Huyện,"21 08 16N, 105 49 38E",25
7,Đông Giang,Huyện,"15 54 44N, 107 47 06E",47
8,Đông Hưng,Huyện,"20 32 50N, 106 20 15E",54
9,Đông Hà,Thành phố,"16 48 12N, 107 05 12E",50
10,Đông Hải,Huyện,"9 08 11N, 105 24 42E",9
11,Đông Hoà,Huyện,,45
12,Đông Sơn,Huyện,"19 47 44N, 105 42 19E",56
13,Đông Triều,Huyện,"21 07 10N, 106 34 36E",49
14,Đơn Dương,Huyện,"11 48 26N, 108 32 48E",35
15,Đà Bắc,Huyện,"20 55 58N, 105 04 52E",31
16,Đà Lạt,Thành phố,"11 54 33N, 108 27 08E",35
17,Đạ Huoai,Huyện,"11 27 11N, 107 38 08E",35
18,Đạ Tẻh,Huyện,"11 33 46N, 107 32 00E",35
19,Đại Lộc,Huyện,"15 50 10N, 107 58 27E",47
20,Đại Từ,Huyện,"21 36 17N, 105 37 28E",55
21,Đắk Glei,Huyện,"15 08 13N, 107 44 03E",34
22,Đắk Glong,Huyện,"12 01 53N, 107 50 37E",3
23,Đắk Hà,Huyện,"14 36 50N, 107 59 55E",34
24,Đắk Mil,Huyện,"12 31 08N, 107 42 24E",3
25,Đắk R'lấp,Huyện,"12 02 30N, 107 25 59E",3
26,Đắk Song,Huyện,"12 14 04N, 107 36 30E",3
27,Đắk Tô,Huyện,"14 46 49N, 107 55 36E",34
28,Đình Lập,Huyện,"21 32 07N, 107 07 25E",37
29,Đa Krông,Huyện,"16 33 58N, 106 55 49E",50
30,Đồ Sơn,Quận,"20 42 41N, 106 44 54E",28
31,Đam Rông,Huyện,"12 02 35N, 108 10 26E",35
32,Đan Phượng,Huyện,"21 07 13N, 105 40 49E",25
33,Đồng Hới,Thành phố,"17 26 53N, 106 35 15E",46
34,Đồng Hỷ,Huyện,"21 41 10N, 105 55 43E",55
35,Đồng Phù,Huyện,"11 28 45N, 106 57 07E",15
36,Đồng Văn,Huyện,"23 14 34N, 105 15 48E",23
37,Đồng Xoài,Thị xã,"11 31 01N, 106 50 21E",15
38,Đồng Xuân,Huyện,"13 24 59N, 108 56 46E",45
39,Đầm Dơi,Huyện,"8 57 48N, 105 13 56E",18
40,Đầm Hà,Huyện,"21 21 23N, 107 34 32E",49
41,Đống Đa,Quận,"21 00 56N, 105 49 06E",25
42,Đất Đỏ,Huyện,"10 28 40N, 107 18 27E",8
43,Điện Bàn,Huyện,"15 54 15N, 108 13 38E",47
44,Điện Biên,Huyện,"21 15 19N, 103 03 19E",6
45,Điện Biên Đông,Huyện,"21 14 07N, 103 15 19E",6
46,Điện Biên Phủ,Thành phố,"21 24 52N, 103 02 31E",6
47,Đoan Hùng,Huyện,"21 36 56N, 105 08 42E",44
48,Đức Cơ,Huyện,"13 46 16N, 107 38 26E",21
49,Đức Hòa,Huyện,"10 53 04N, 106 23 58E",39
50,Đức Huệ,Huyện,"10 51 57N, 106 15 48E",39
51,Đức Linh,Huyện,"11 11 43N, 107 31 34E",16
52,Đức Phổ,Huyện,"14 44 59N, 108 56 58E",48
53,Đức Thọ,Huyện,"18 29 23N, 105 36 39E",26
54,Đức Trọng,Huyện,"11 41 50N, 108 18 58E",35
55,Định Hóa,Huyện,"21 53 50N, 105 38 01E",55
56,Định Quán,Huyện,"11 12 41N, 107 17 03E",4
57,1,Quận,"10 46 34N, 106 41 45E",29
58,10,Quận,"10 46 25N, 106 40 02E",29
59,11,Quận,"10 46 01N, 106 38 44E",29
60,12,Quận,"10 51 43N, 106 39 32E",29
61,2,Quận,"10 46 51N, 106 45 25E",29
62,3,Quận,"10 46 48N, 106 40 46E",29
63,4,Quận,"10 45 42N, 106 42 09E",29
64,5,Quận,"10 45 24N, 106 40 00E",29
65,6,Quận,"10 44 46N, 106 38 10E",29
66,7,Quận,"10 44 19N, 106 43 35E",29
67,8,Quận,"10 43 24N, 106 37 40E",29
68,9,Quận,"10 49 49N, 106 49 03E",29
69,A Lưới,Huyện,"16 13 59N, 107 16 12E",57
70,An Biên,Huyện,"9 48 37N, 105 03 18E",33
71,An Dương,Huyện,"20 53 06N, 106 35 36E",28
72,An Khê,Th? Xó,"14 01 24N, 108 41 29E",21
73,An Lão,Huyện,"14 32 10N, 108 47 52E",13
74,An Lão,Huyện,"20 47 54N, 106 33 19E",28
75,An Minh,Huyện,"9 40 24N, 104 59 05E",33
76,An Nhơn,Huyện,"13 51 28N, 109 04 02E",13
77,An Phú,Huyện,"10 50 12N, 105 05 33E",7
78,Anh Sơn,Huyện,"18 58 04N, 105 04 30E",41
79,Ayun Pa,Th? Xó,,21
80,Bà Rịa,Th? Xó,"10 30 33N, 107 10 47E",8
81,Bảo Lâm,Huyện,"11 38 31N, 107 43 25E",35
82,Bảo Lâm,Huyện,"22 52 37N, 105 27 28E",19
83,Bảo Lạc,Huyện,"22 52 31N, 105 42 41E",19
84,Bảo Lộc,Th? Xó,"11 32 48N, 107 47 37E",35
85,Bảo Thắng,Huyện,"22 22 47N, 104 10 00E",36
86,Bảo Yên,Huyện,"22 17 38N, 104 25 02E",36
87,Bá Thước,Huyện,"20 22 48N, 105 14 50E",56
88,Bác ái,Huyện,"11 54 45N, 108 51 29E",43
89,Bát Xát,Huyện,"22 35 50N, 103 44 49E",36
90,Bạc Liêu,Th? Xó,"9 16 05N, 105 45 08E",9
91,Bạch Long Vĩ,Huyện,"20 08 41N, 107 42 51E",28
92,Bạch Thông,Huyện,"22 12 04N, 105 51 01E",11
93,Bắc Bình,Huyện,"11 15 52N, 108 21 33E",16
94,Bắc Giang,Thành phố,"21 17 36N, 106 11 18E",10
95,Bắc Hà,Huyện,"22 30 08N, 104 18 54E",36
96,Bắc Kạn,Th? Xó,"22 08 00N, 105 51 10E",11
97,Bắc Mê,Huyện,"22 45 48N, 105 16 26E",23
98,Bắc Ninh,Thành phố,"21 10 48N, 106 03 58E",12
99,Bắc Quang,Huyện,"22 23 42N, 104 55 06E",23
100,Bắc Sơn,Huyện,"21 48 57N, 106 15 28E",37
101,Bắc Trà My,Huyện,"15 08 00N, 108 05 32E",47
102,Bắc Yên,Huyện,"21 13 23N, 104 22 09E",51
103,Bình Đại,Huyện,"10 09 56N, 106 37 46E",17
104,Bình Chánh,Huyện,"10 45 01N, 106 30 45E",29
105,Bình Gia,Huyện,"22 03 56N, 106 19 01E",37
106,Bình Giang,Huyện,"20 52 36N, 106 11 24E",27
107,Bình Liêu,Huyện,"21 33 07N, 107 26 24E",49
108,Bình Lục,Huyện,"20 29 23N, 106 02 52E",24
109,Bình Long,Th? Xó,,15
110,Bình Minh,Huyện,"10 05 45N, 105 47 21E",61
111,Bình Sơn,Huyện,"15 18 45N, 108 45 35E",48
112,Bình Tân,Quận,"10 46 16N, 106 35 26E",29
113,Bình Tân,Huyện,,61
114,Bình Thạnh,Quận,"10 48 46N, 106 42 57E",29
115,Bình Thuỷ,Quận,"10 03 42N, 105 43 17E",20
116,Bình Xuyên,Huyện,"21 19 48N, 105 39 43E",62
117,Ba Đình,Quận,"21 02 08N, 105 49 38E",25
118,Ba Bể,Huyện,"22 23 54N, 105 43 30E",11
119,Ba Chẽ,Huyện,"21 15 40N, 107 09 52E",49
120,Ba Tơ,Huyện,"14 42 52N, 108 43 44E",48
121,Ba Tri,Huyện,"10 04 08N, 106 35 10E",17
122,Ba Vì,Huyện,"21 09 40N, 105 22 43E",25
123,Bố Trạch,Huyện,"17 29 13N, 106 06 54E",46
124,Bù Đăng,Huyện,"11 46 09N, 107 14 14E",15
125,Bù Đốp,Huyện,"11 59 08N, 106 49 54E",15
126,Bù Gia Mập,Huyện,"11 56 57N, 106 59 21E",15
127,Biên Hòa,Thành phố,"10 56 31N, 106 50 50E",4
128,Bỉm Sơn,Th? Xó,"20 05 21N, 105 51 48E",56
129,Bến Cát,Huyện,"11 12 42N, 106 36 28E",14
130,Bến Cầu,Huyện,"11 07 50N, 106 08 25E",53
131,Bến Lức,Huyện,"10 41 40N, 106 26 28E",39
132,Bến Tre,Thành phố,"10 14 17N, 106 22 26E",17
133,Buôn Đôn,Huyện,"12 52 45N, 107 45 20E",2
134,Buôn Hồ,Th? Xó,,2
135,Buôn Ma Thuột,Thành phố,"12 39 43N, 108 10 40E",2
136,Cô Tô,Huyện,"21 05 01N, 107 49 10E",49
137,Côn Đảo,Huyện,"8 42 25N, 106 36 05E",8
138,Cư Jút,Huyện,"12 40 56N, 107 44 44E",3
139,Cư Kuin,Huyện,,2
140,Cư M'gar,Huyện,"12 53 47N, 108 04 16E",2
141,Cà Mau,Thành phố,"9 10 33N, 105 11 11E",18
142,Càng Long,Huyện,"9 58 18N, 106 12 52E",59
143,Cái Bè,Huyện,"10 24 21N, 105 56 01E",58
144,Cái Nước,Huyện,"9 00 31N, 105 03 23E",18
145,Cái Răng,Quận,"9 59 57N, 105 46 56E",20
146,Cát Hải,Huyện,"20 47 09N, 106 58 07E",28
147,Cát Tiên,Huyện,"11 39 38N, 107 23 27E",35
148,Cai Lậy,Huyện,"10 24 20N, 106 06 05E",58
149,Cam Lâm,Huyện,,32
150,Cam Lộ,Huyện,"16 47 09N, 106 57 52E",50
151,Cam Ranh,Th? Xó,"11 59 05N, 108 08 17E",32
152,Cồn Cỏ,Huyện,"19 09 39N, 107 19 58E",50
153,Can Lộc,Huyện,"18 26 39N, 105 46 13E",26
154,Cao Bằng,Th? Xó,"22 39 20N, 106 15 20E",19
155,Cao Lãnh,Thành phố,"10 27 38N, 105 37 21E",5
156,Cao Lãnh,Huyện,"10 29 03N, 105 41 40E",5
157,Cao Lộc,Huyện,"21 53 05N, 106 50 34E",37
158,Cao Phong,Huyện,"20 41 23N, 105 17 48E",31
159,Cần Đước,Huyện,"10 32 21N, 106 36 33E",39
160,Cần Giờ,Huyện,"10 30 43N, 106 52 50E",29
161,Cần Giuộc,Huyện,"10 34 43N, 106 38 35E",39
162,Cầu Giấy,Quận,"21 01 52N, 105 47 20E",25
163,Cầu Kè,Huyện,"9 51 23N, 106 03 33E",59
164,Cầu Ngang,Huyện,"9 47 14N, 106 29 19E",59
165,Cờ Đỏ,Huyện,"10 02 48N, 105 29 46E",20
166,Cẩm Giàng,Huyện,"20 57 05N, 106 12 29E",27
167,Cẩm Khê,Huyện,"21 23 04N, 105 05 25E",44
168,Cẩm Lệ,Quận,,1
169,Cẩm Mỹ,Huyện,"10 47 05N, 107 14 36E",4
170,Cẩm Phả,Th? Xó,"21 03 42N, 107 17 22E",49
171,Cẩm Thủy,Huyện,"20 12 20N, 105 27 22E",56
172,Cẩm Xuyên,Huyện,"18 11 32N, 106 00 04E",26
173,Châu Đốc,Th? Xó,"10 41 20N, 105 05 15E",7
174,Châu Đức,Huyện,"10 39 23N, 107 15 08E",8
175,Châu Phú,Huyện,"10 34 12N, 105 12 13E",7
176,Châu Thành,Huyện,"10 25 39N, 105 15 31E",7
177,Châu Thành,Huyện,"9 57 37N, 105 10 16E",33
178,Châu Thành,Huyện,"10 13 27N, 105 48 38E",5
179,Châu Thành,Huyện,"9 52 57N, 106 24 12E",59
180,Châu Thành,Huyện,"10 27 52N, 106 30 00E",39
181,Châu Thành,Huyện,"20 25 21N, 106 16 57E",58
182,Châu Thành,Huyện,"10 17 24N, 106 17 45E",17
183,Châu Thành,Huyện,"9 55 22N, 105 48 37E",30
184,Châu Thành,Huyện,,52
185,Châu Thành,Huyện,"11 19 02N, 106 00 15E",53
186,Châu Thành A,Huyện,"9 55 50N, 105 38 31E",30
187,Chơn Thành,Huyện,"11 28 45N, 106 39 26E",15
188,Chư Păh,Huyện,"14 13 30N, 107 56 33E",21
189,Chư Pưh,Huyện,,21
190,Chư Prông,Huyện,"13 35 39N, 107 47 36E",21
191,Chư Sê,Huyện,"13 37 04N, 108 06 56E",21
192,Chương Mỹ,Huyện,"20 52 46N, 105 39 01E",25
193,Chợ Đồn,Huyện,"22 11 18N, 105 34 43E",11
194,Chợ Gạo,Huyện,"10 23 45N, 106 26 53E",58
195,Chi Lăng,Huyện,"21 40 05N, 106 37 24E",37
196,Chợ Lách,Huyện,"10 13 26N, 106 09 08E",17
197,Chợ Mới,Huyện,"10 27 23N, 105 26 57E",7
198,Chợ Mới,Huyện,"21 57 56N, 105 51 29E",11
199,Chiêm Hóa,Huyện,"22 12 49N, 105 14 32E",60
200,Chí Linh,Huyện,"21 07 47N, 106 23 46E",27
201,Cù Lao Dung,Huyện,"9 37 36N, 106 12 13E",52
202,Củ Chi,Huyện,"11 02 17N, 106 30 20E",29
203,Cửa Lò,Th? Xó,"18 47 26N, 105 43 31E",41
204,Con Cuông,Huyện,"19 03 50N, 107 47 15E",41
205,Dương Minh Châu,Huyện,"11 22 04N, 106 16 58E",53
206,Dầu Tiếng,Huyện,"11 19 07N, 106 26 59E",14
207,Di Linh,Huyện,"11 31 10N, 108 05 23E",35
208,Diên Khánh,Huyện,"12 13 19N, 109 02 16E",32
209,Diễn Châu,Huyện,"19 01 20N, 105 34 13E",41
210,Dĩ An,Huyện,"10 55 03N, 106 47 09E",14
211,Duy Tiên,Huyện,"20 37 33N, 105 58 01E",24
212,Duy Xuyên,Huyện,"15 47 58N, 108 13 27E",47
213,Duyên Hải,Huyện,"9 39 58N, 106 26 23E",59
214,Ea H'leo,Huyện,"13 13 52N, 108 12 30E",2
215,Ea Kar,Huyện,"12 48 17N, 108 32 42E",2
216,Ea Súp,Huyện,"13 10 59N, 107 46 49E",2
217,Giá Rai,Huyện,"9 15 51N, 105 23 18E",9
218,Gia Bình,Huyện,"21 03 55N, 106 12 53E",12
219,Gia Lâm,Huyện,"21 01 28N, 105 56 54E",25
220,Gia Lộc,Huyện,"20 51 01N, 106 17 34E",27
221,Gia Nghĩa,Thị xã,,3
222,Gia Viễn,Huyện,"20 19 50N, 105 52 20E",42
223,Giồng Giềng,Huyện,"9 56 05N, 105 22 06E",33
224,Giang Thành,Huyện,,33
225,Giồng Trôm,Huyện,"10 08 46N, 106 28 12E",17
226,Giao Thủy,Huyện,"20 14 45N, 106 28 39E",40
227,Gio Linh,Huyện,"16 54 49N, 106 56 16E",50
228,Gò Công,Th? Xó,"10 21 55N, 106 40 24E",58
229,Gò Công Đông,Huyện,"10 20 42N, 106 42 54E",58
230,Gò Công Tây,Huyện,"10 19 55N, 106 35 02E",58
231,Gò Dầu,Huyện,"11 09 39N, 106 14 42E",53
232,Gò Quao,Huyện,"9 43 17N, 105 17 06E",33
233,Gò Vấp,Quận,"10 50 12N, 106 39 52E",29
234,Hương Khê,Huyện,"18 11 36N, 105 41 24E",26
235,Hương Sơn,Huyện,"18 26 47N, 105 19 36E",26
236,Hương Thủy,Huyện,"16 19 27N, 107 37 26E",57
237,Hương Trà,Huyện,"16 25 49N, 107 28 37E",57
238,Hướng Hóa,Huyện,"16 42 19N, 106 40 14E",50
239,Hưng Hà,Huyện,"20 35 38N, 106 12 42E",54
240,Hưng Nguyên,Huyện,"18 41 13N, 105 37 41E",41
241,Hưng Yên,Thành phố,"20 39 38N, 106 03 08E",22
242,Hà Đông,Quận,"20 57 25N, 105 45 21E",25
243,Hà Giang,Thị xã,"22 46 23N, 105 02 39E",23
244,Hà Quảng,Huyện,"22 53 42N, 106 06 32E",19
245,Hà Tiên,Thị xã,"10 22 54N, 104 30 10E",33
246,Hà Trung,Huyện,"20 03 20N, 105 51 20E",56
247,Hà Tĩnh,Thành phố,"18 21 20N, 105 54 00E",26
248,Hàm Tân,Huyện,"10 44 41N, 107 41 33E",16
249,Hàm Thuận Bắc,Huyện,"11 09 18N, 108 03 07E",16
250,Hàm Thuận Nam,Huyện,"10 56 20N, 107 54 38E",16
251,Hàm Yên,Huyện,"22 05 46N, 105 00 13E",60
252,Hải An,Quận,"20 49 38N, 106 45 57E",28
253,Hải Châu,Quận,"16 03 38N, 108 11 46E",1
254,Hải Dương,Thành phố,"20 56 14N, 106 18 21E",27
255,Hải Hà,Huyện,"21 25 50N, 107 41 26E",49
256,Hải Hậu,Huyện,"20 06 26N, 106 16 29E",40
257,Hải Lăng,Huyện,"16 41 07N, 107 13 34E",50
258,Hạ Hoà,Huyện,"21 35 13N, 105 00 22E",44
259,Hạ Lang,Huyện,"22 42 37N, 106 41 42E",19
260,Hạ Long,Thành phố,"20 52 24N, 107 05 23E",49
261,Hữu Lũng,Huyện,"21 34 33N, 106 20 33E",37
262,Hóc Môn,Huyện,"10 52 42N, 106 35 33E",29
263,Hai Bà Trưng,Quận,"21 00 27N, 105 51 35E",25
264,Hồng Bàng,Quận,"20 52 37N, 106 38 32E",28
265,Hồng Dân,Huyện,"9 30 37N, 105 24 25E",9
266,Hồng Lĩnh,Thị xã,"18 32 05N, 105 42 40E",26
267,Hồng Ngự,Thị xã,,5
268,Hồng Ngự,Huyện,"10 48 13N, 105 19 00E",5
269,Hội An,Thành phố,"15 53 20N, 108 20 42E",47
270,Hậu Lộc,Huyện,"19 56 02N, 105 53 19E",56
271,Hớn Quản,Huyện,"11 37 37N, 106 36 02E",15
272,Hiệp Đức,Huyện,"15 31 09N, 108 05 56E",47
273,Hiệp Hòa,Huyện,"21 15 51N, 105 57 30E",10
274,Hoà An,Huyện,"22 41 20N, 106 02 05E",19
275,Hoà Bình,Huyện,,9
276,Hoà Vang,Huyện,"16 03 59N, 108 01 57E",1
277,Hoài Ân,Huyện,"14 20 51N, 108 54 04E",13
278,Hoài Đức,Huyện,"21 01 25N, 105 42 03E",25
279,Hoài Nhơn,Huyện,"14 30 56N, 109 01 56E",13
280,Hoàn Kiếm,Quận,"21 01 53N, 105 51 09E",25
281,Hoàng Mai,Quận,"20 58 33N, 105 51 22E",25
282,Hoàng Sa,Huyện,"16 21 36N, 111 57 01E",1
283,Hoàng Su Phì,Huyện,"22 41 37N, 104 40 06E",23
284,Hoành Bồ,Huyện,"21 06 30N, 107 02 43E",49
285,Hoằng Hóa,Huyện,"19 51 59N, 105 51 34E",56
286,Hoa Lư,Huyện,"20 15 04N, 105 55 52E",42
287,Hòa Bình,Thành phố,"20 50 36N, 105 19 20E",31
288,Hòa Thành,Huyện,"11 15 31N, 106 08 44E",53
289,Hòn Đất,Huyện,"10 14 20N, 104 55 57E",33
290,Huế,Thành phố,"16 27 16N, 107 34 29E",57
291,Ia Grai,Huyện,"13 59 25N, 107 43 16E",21
292,Ia Pa,Huyện,"13 31 37N, 108 30 34E",21
293,Kông Chro,Huyện,"13 45 47N, 108 36 04E",21
294,Kbang,Huyện,"14 18 08N, 108 29 17E",21
295,Khánh Sơn,Huyện,"12 02 17N, 108 53 47E",32
296,Khánh Vĩnh,Huyện,"12 17 50N, 108 51 56E",32
297,Khoái Châu,Huyện,"20 49 53N, 105 58 28E",22
298,Kiên Hải,Huyện,"9 48 31N, 104 37 48E",33
299,Kiên Lương,Huyện,"10 20 21N, 104 39 46E",33
300,Kim Động,Huyện,"20 44 47N, 106 01 47E",22
301,Kim Bôi,Huyện,"20 40 34N, 105 32 15E",31
302,Kim Bảng,Huyện,"20 34 19N, 105 50 41E",24
303,Kim Sơn,Huyện,"20 02 07N, 106 05 27E",42
304,Kim Thành,Huyện,"20 55 40N, 106 30 33E",27
305,Kinh Dương,Quận,,28
306,Kinh Môn,Huyện,"21 00 04N, 106 30 23E",27
307,Kiến An,Quận,"20 48 26N, 106 38 03E",28
308,Kiến Thụy,Huyện,"20 45 13N, 106 41 47E",28
309,Kiến Xương,Huyện,"20 23 52N, 106 25 22E",54
310,Kế Sách,Huyện,"9 49 30N, 105 57 25E",52
311,Kon Plông,Huyện,"14 48 13N, 108 20 05E",34
312,Kon Rẫy,Huyện,"14 32 56N, 108 13 09E",34
313,Kon Tum,Thành phố,"14 20 32N, 107 58 04E",34
314,Krông A Na,Huyện,"12 31 51N, 108 05 03E",2
315,Krông Bông,Huyện,"12 27 08N, 108 27 01E",2
316,Krông Búk,Huyện,"12 56 27N, 108 13 54E",2
317,Krông Năng,Huyện,"12 59 41N, 108 23 42E",2
318,Krông Nô,Huyện,"12 22 16N, 107 53 49E",3
319,Krông Pắc,Huyện,"12 41 20N, 108 18 42E",2
320,Krông Pa,Huyện,"13 14 13N, 108 39 12E",21
321,Kỳ Anh,Huyện,"18 05 15N, 106 15 49E",26
322,Kỳ Sơn,Huyện,"19 24 36N, 104 09 45E",41
323,Kỳ Sơn,Huyện,"20 54 06N, 105 23 18E",31
324,Lâm Hà,Huyện,"11 55 26N, 108 11 31E",35
325,Lâm Thao,Huyện,"21 19 37N, 105 18 09E",44
326,Lê Chân,Quận,"20 50 12N, 106 40 30E",28
327,Lương Sơn,Huyện,"20 53 16N, 105 30 55E",31
328,Lương Tài,Huyện,"21 01 33N, 106 13 28E",12
329,Lào Cai,Thành phố,"22 25 07N, 103 58 43E",36
330,Lạc Dương,Huyện,"12 08 30N, 108 27 48E",35
331,Lạc Sơn,Huyện,"20 29 59N, 105 24 57E",31
332,Lạc Thủy,Huyện,"20 29 12N, 105 44 06E",31
333,Lạng Giang,Huyện,"21 21 58N, 106 15 21E",10
334,Lạng Sơn,Thành phố,"21 51 19N, 106 44 50E",37
335,Lắk,Huyện,"12 19 20N, 108 12 17E",2
336,La Gi,Thị xã,,16
337,Lai Châu,Thị xã,"22 23 15N, 103 24 22E",38
338,Lai Vung,Huyện,"10 14 43N, 105 38 40E",5
339,Lang Chánh,Huyện,"20 08 58N, 105 07 40E",56
340,Lộc Bình,Huyện,"21 40 41N, 106 58 12E",37
341,Lộc Hà,Huyện,,26
342,Lộc Ninh,Huyện,"11 49 28N, 106 35 11E",15
343,Lập Thạch,Huyện,"21 24 45N, 105 25 39E",62
344,Lấp Vò,Huyện,"10 21 27N, 105 36 06E",5
345,Liên Chiểu,Quận,"16 07 26N, 108 07 04E",1
346,Lệ Thủy,Huyện,"17 07 35N, 106 41 47E",46
347,Lục Nam,Huyện,"21 18 16N, 106 29 24E",10
348,Lục Ngạn,Huyện,"21 26 15N, 106 39 09E",10
349,Lục Yên,Huyện,"22 06 44N, 104 43 12E",63
350,Long Điền,Huyện,"10 26 47N, 107 12 53E",8
351,Long Biên,Quận,"21 02 21N, 105 53 07E",25
352,Long Hồ,Huyện,"10 13 58N, 105 55 47E",61
353,Long Khánh,Thị xã,"10 56 24N, 107 14 29E",4
354,Long Mỹ,Huyện,"9 40 47N, 105 30 53E",30
355,Long Phú,Huyện,"9 34 38N, 106 06 07E",52
356,Long Thành,Huyện,"10 47 38N, 106 59 42E",4
357,Long Xuyên,Thành phố,"10 22 22N, 105 25 33E",7
358,Lý Nhân,Huyện,"20 32 55N, 106 04 48E",24
359,Lý Sơn,Huyện,"15 22 50N, 109 06 56E",48
360,M'đrắk,Huyện,"12 42 14N, 108 47 09E",2
361,Mê Linh,Huyện,"21 10 53N, 105 42 05E",25
362,Mường ảng,Huyện,,6
363,Mường Chà,Huyện,"21 50 31N, 103 03 15E",6
364,Mường Khương,Huyện,"22 41 05N, 104 08 26E",36
365,Mường Lát,Huyện,"20 30 42N, 104 37 27E",56
366,Mường La,Huyện,"21 31 38N, 104 02 48E",51
367,Mường Lay,Thị xã,"22 01 47N, 103 07 10E",6
368,Mường Nhé,Huyện,"22 06 11N, 102 30 54E",6
369,Mường Tè,Huyện,"22 24 16N, 102 43 11E",38
370,Mỏ Cày Bắc,Huyện,,17
371,Mỏ Cày Nam,Huyện,"10 06 56N, 106 19 40E",17
372,Mai Châu,Huyện,"20 40 56N, 104 59 46E",31
373,Mai Sơn,Huyện,"21 10 08N, 103 59 36E",51
374,Móng Cái,Thành phố,"21 26 31N, 107 55 09E",49
375,Mang Thít,Huyện,"10 10 58N, 106 05 13E",61
376,Mang Yang,Huyện,"13 57 26N, 108 18 37E",21
377,Mộ Đức,Huyện,"11 59 13N, 108 52 21E",48
378,Mộc Châu,Huyện,"20 49 21N, 104 43 10E",51
379,Mộc Hóa,Huyện,"10 47 09N, 105 57 56E",39
380,Mù Cang Chải,Huyện,"21 48 22N, 104 09 01E",63
381,Minh Hóa,Huyện,"17 44 03N, 105 51 45E",46
382,Minh Long,Huyện,"14 56 49N, 108 40 19E",48
383,Mèo Vạc,Huyện,"23 09 10N, 105 26 38E",23
384,Mỹ Đức,Huyện,"20 41 53N, 105 43 31E",25
385,Mỹ Hào,Huyện,"20 55 35N, 106 05 34E",22
386,Mỹ Lộc,Huyện,"20 27 21N, 106 07 56E",40
387,Mỹ Tho,Thành phố,"10 22 14N, 106 21 52E",58
388,Mỹ Tú,Huyện,"9 38 21N, 105 49 52E",52
389,Mỹ Xuyên,Huyện,"9 28 16N, 105 55 51E",52
390,Năm Căn,Huyện,"8 46 59N, 104 58 20E",18
391,Nông Cống,Huyện,"19 36 58N, 105 40 54E",56
392,Nông Sơn,Huyện,,47
393,Nà Hang,Huyện,"22 28 34N, 105 21 03E",60
394,Na Rì,Huyện,"22 09 48N, 106 05 09E",11
395,Nam Đông,Huyện,"16 07 11N, 107 41 25E",57
396,Nam Đàn,Huyện,"18 40 28N, 105 30 32E",41
397,Nam Định,Thành phố,"20 25 07N, 106 09 54E",40
398,Nam Giang,Huyện,"15 36 37N, 107 33 52E",47
399,Nam Sách,Huyện,"21 00 15N, 106 20 26E",27
400,Nam Trà My,Huyện,"15 16 40N, 108 12 15E",47
401,Nam Trực,Huyện,"20 20 08N, 106 12 54E",40
402,Ngân Sơn,Huyện,"22 25 50N, 106 01 00E",11
403,Ngô Quyền,Quận,"20 51 13N, 106 41 57E",28
404,Ngã Bảy,Thị xã,,30
405,Ngã Năm,Huyện,"9 31 38N, 105 37 22E",52
406,Nga Sơn,Huyện,"20 00 16N, 105 59 26E",56
407,Ngọc Hồi,Huyện,"14 44 23N, 107 38 49E",34
408,Ngọc Hiển,Huyện,"8 40 47N, 104 57 58E",18
409,Ngọc Lặc,Huyện,"20 04 08N, 105 22 39E",56
410,Nghi Lộc,Huyện,"18 47 41N, 105 31 30E",41
411,Nghi Xuân,Huyện,"18 38 46N, 105 46 17E",26
412,Nghĩa Đàn,Huyện,"19 21 19N, 105 26 33E",41
413,Nghĩa Hưng,Huyện,"20 05 37N, 106 08 59E",40
414,Nghĩa Hành,Huyện,"14 58 06N, 108 46 05E",48
415,Nghĩa Lộ,Thị xã,"21 35 58N, 104 29 22E",63
416,Ngũ Hành Sơn,Quận,"16 00 30N, 108 15 09E",1
417,Nguyên Bình,Huyện,"22 38 52N, 105 57 02E",19
418,Nhơn Trạch,Huyện,"10 39 18N, 106 53 18E",4
419,Như Thanh,Huyện,"19 35 19N, 105 33 09E",56
420,Như Xuân,Huyện,"19 5 55N, 105 20 22E",56
421,Nhà Bè,Huyện,"10 39 06N, 106 43 35E",29
422,Nha Trang,Thành phố,"12 15 40N, 109 10 40E",32
423,Nho Quan,Huyện,"20 18 46N, 105 42 48E",42
424,Ninh Bình,Thành phố,"20 14 45N, 105 58 24E",42
425,Ninh Giang,Huyện,"20 45 13N, 106 20 09E",27
426,Ninh Hải,Huyện,"11 42 46N, 109 05 41E",43
427,Ninh Hòa,Huyện,"12 32 54N, 109 06 11E",32
428,Ninh Kiều,Quận,"10 01 58N, 105 45 34E",20
429,Ninh Phước,Huyện,"11 28 56N, 108 50 34E",43
430,Ninh Sơn,Huyện,"11 42 36N, 108 44 55E",43
431,Núi Thành,Huyện,"15 26 53N, 108 34 49E",47
432,ứng Hòa,Huyện,"20 42 41N, 105 47 58E",25
433,Pác Nặm,Huyện,"22 35 46N, 105 40 25E",11
434,Phước Long,Th? Xó,,15
435,Phước Long,Huyện,"9 23 13N, 105 24 41E",9
436,Phước Sơn,Huyện,"15 23 17N, 107 50 22E",47
437,Phổ Yên,Huyện,"21 27 08N, 105 45 19E",55
438,Phan Rang-Tháp Chàm,Thành phố,"11 36 11N, 108 58 34E",43
439,Phan Thiết,Thành phố,"10 54 16N, 108 03 44E",16
440,Phù Cát,Huyện,"14 03 48N, 109 03 57E",13
441,Phù Cừ,Huyện,"20 42 51N, 106 11 30E",22
442,Phù Mỹ,Huyện,"14 14 41N, 109 05 43E",13
443,Phù Ninh,Huyện,"21 26 59N, 105 18 13E",44
444,Phù Yên,Huyện,"21 13 33N, 104 41 51E",51
445,Phủ Lý,Thành phố,"20 32 19N, 105 54 55E",24
446,Phú Bình,Huyện,"21 29 36N, 105 57 42E",55
447,Phú Giáo,Huyện,"11 20 21N, 106 47 48E",14
448,Phú Hoà,Huyện,"13 04 07N, 109 11 24E",45
449,Phú Lương,Huyện,"21 45 57N, 105 43 22E",55
450,Phú Lộc,Huyện,"16 17 16N, 107 55 25E",57
451,Phú Nhuận,Quận,"10 48 06N, 106 40 39E",29
452,Phú Ninh,Huyện,"15 30 43N, 108 24 43E",47
453,Phú Quốc,Huyện,"10 13 44N, 103 57 25E",33
454,Phú Quí,Huyện,"10 33 13N, 108 57 46E",16
455,Phú Tân,Huyện,"8 52 47N, 104 53 35E",18
456,Phú Tân,Huyện,"10 40 26N, 105 14 40E",7
457,Phú Thọ,Thị xã,"21 24 54N, 105 13 46E",44
458,Phú Thiện,Huyện,,21
459,Phú Vang,Huyện,"16 27 20N, 107 42 28E",57
460,Phú Xuyên,Huyện,"20 43 37N, 105 53 43E",25
461,Phục Hoà,Huyện,"22 33 52N, 106 30 02E",19
462,Phúc Thọ,Huyện,"21 06 32N, 105 34 52E",25
463,Phúc Yên,Thị xã,"21 18 55N, 105 43 54E",62
464,Phong Điền,Huyện,"16 32 42N, 106 16 37E",57
465,Phong Điền,Huyện,"9 59 57N, 105 39 35E",20
466,Phụng Hiệp,Huyện,"9 47 20N, 105 43 29E",30
467,Phong Thổ,Huyện,"22 38 24N, 103 22 38E",38
468,Pleiku,Thành phố,"13 57 42N, 107 58 03E",21
469,Quản Bạ,Huyện,"23 04 03N, 104 58 05E",23
470,Quảng Điền,Huyện,"16 35 21N, 107 29 31E",57
471,Quảng Ngãi,Thành phố,"15 07 17N, 108 48 24E",48
472,Quảng Ninh,Huyện,"17 15 15N, 106 32 31E",46
473,Quảng Trạch,Huyện,"17 50 04N, 106 22 24E",46
474,Quảng Trị,Thị xã,"16 44 37N, 107 11 20E",50
475,Quảng Uyên,Huyện,"22 40 15N, 106 27 42E",19
476,Quảng Xương,Huyện,"19 40 53N, 105 48 01E",56
477,Quan Hóa,Huyện,"20 29 15N, 104 56 35E",56
478,Quan Sơn,Huyện,"20 15 17N, 104 51 58E",56
479,Quang Bình,Huyện,"22 23 07N, 104 37 11E",23
480,Quốc Oai,Huyện,"20 58 45N, 105 36 43E",25
481,Qui Nhơn,Thành phố,"13 47 15N, 109 12 48E",13
482,Quế Phong,Huyện,"19 42 25N, 104 54 21E",41
483,Quế Sơn,Huyện,"15 41 03N, 108 05 34E",47
484,Quế Võ,Huyện,"21 08 44N, 106 11 06E",12
485,Quỳ Châu,Huyện,"19 32 16N, 105 03 18E",41
486,Quỳ Hợp,Huyện,"19 19 24N, 105 09 12E",41
487,Quỳnh Lưu,Huyện,"19 14 01N, 105 37 00E",41
488,Quỳnh Nhai,Huyện,"21 46 34N, 103 39 02E",51
489,Quỳnh Phụ,Huyện,"20 38 57N, 106 21 16E",54
490,Rạch Giá,Thành phố,"10 01 35N, 105 06 20E",33
491,Sông Công,Th? Xó,"21 29 14N, 105 48 47E",55
492,Sông Cầu,Th? Xó,"13 31 40N, 109 12 39E",45
493,Sông Hinh,Huyện,"12 54 19N, 108 53 38E",45
494,Sông Lô,Huyện,,62
495,Sông Mã,Huyện,"21 06 04N, 103 43 56E",51
496,Sơn Động,Huyện,"21 19 42N, 106 51 09E",10
497,Sơn Dương,Huyện,"21 40 22N, 105 22 57E",60
498,Sơn Hà,Huyện,"14 58 35N, 108 29 09E",48
499,Sơn Hòa,Huyện,"13 12 16N, 108 57 17E",45
500,Sơn La,Thành phố,"21 20 39N, 103 54 52E",51
501,Sơn Tây,Thị xã,"21 05 51N, 105 28 27E",25
502,Sơn Tây,Huyện,"14 58 11N, 108 21 22E",48
503,Sơn Trà,Quận,"16 06 13N, 108 16 26E",1
504,Sơn Tịnh,Huyện,"15 11 49N, 108 45 03E",48
505,Sìn Hồ,Huyện,"22 17 21N, 103 18 12E",38
506,Sa Đéc,Th? Xó,"10 19 22N, 105 44 31E",5
507,Sa Pa,Huyện,"22 18 54N, 103 54 18E",36
508,Sa Thầy,Huyện,"14 16 02N, 107 36 30E",34
509,Sóc Sơn,Huyện,"21 16 55N, 105 49 46E",25
510,Sóc Trăng,Thành phố,"9 36 39N, 105 59 00E",52
511,Sầm Sơn,Thị xã,"19 45 11N, 105 54 03E",56
512,Sốp Cộp,Huyện,"20 52 46N, 103 30 38E",51
513,Si Ma Cai,Huyện,"22 39 46N, 104 16 05E",36
514,Tân An,Thành phố,"10 31 36N, 106 24 06E",39
515,Tân Bình,Quận,"10 48 13N, 106 39 03E",29
516,Tân Biên,Huyện,"11 35 14N, 105 57 53E",53
517,Tân Châu,Huyện,"11 34 49N, 106 17 48E",53
518,Tân Châu,Thị xã,"10 49 11N, 105 11 18E",7
519,Tân Hưng,Huyện,"10 49 05N, 105 39 26E",39
520,Tân Hồng,Huyện,"10 52 48N, 105 29 21E",5
521,Tân Hiệp,Huyện,"10 05 18N, 105 14 04E",33
522,Tân Kỳ,Huyện,"19 06 11N, 105 14 14E",41
523,Tân Lạc,Huyện,"20 36 44N, 105 15 03E",31
524,Tân Phước,Huyện,"10 30 36N, 106 13 02E",58
525,Tân Phú,Quận,"10 47 32N, 106 37 31E",29
526,Tân Phú,Huyện,"11 22 51N, 107 21 35E",4
527,Tân Phú Đông,Huyện,,58
528,Tân Sơn,Huyện,,44
529,Tân Thành,Huyện,"10 34 50N, 107 05 06E",8
530,Tân Thạnh,Huyện,"10 37 44N, 105 57 07E",39
531,Tân Trụ,Huyện,"10 31 47N, 106 30 06E",39
532,Tân Uyên,Huyện,"11 06 31N, 106 49 02E",14
533,Tân Uyên,Huyện,,38
534,Tân Yên,Huyện,"21 23 23N, 106 05 55E",10
535,Tây Giang,Huyện,"15 53 46N, 107 25 52E",47
536,Tây Hồ,Quận,"21 04 10N, 105 49 07E",25
537,Tây Hoà,Huyện,,45
538,Tây Ninh,Thị xã,"11 21 59N, 106 07 47E",53
539,Tây Sơn,Huyện,"13 56 47N, 108 53 06E",13
540,Tây Trà,Huyện,"15 11 13N, 108 22 23E",48
541,Tư Nghĩa,Huyện,"15 05 25N, 108 45 23E",48
542,Tương Dương,Huyện,"19 19 15N, 104 35 41E",41
543,Tánh Linh,Huyện,"11 08 26N, 107 41 22E",16
544,Tam Đường,Huyện,"22 20 16N, 103 32 53E",38
545,Tam Đảo,Huyện,"21 27 34N, 105 35 09E",62
546,Tam Điệp,Thị xã,"20 09 42N, 103 52 43E",42
547,Tam Bình,Huyện,"10 03 58N, 105 58 03E",61
548,Tam Dương,Huyện,"21 21 40N, 105 33 36E",62
549,Tam Kỳ,Thành phố,"15 34 37N, 108 29 52E",47
550,Tam Nông,Huyện,"21 18 24N, 105 14 59E",44
551,Tam Nông,Huyện,"10 44 06N, 105 30 58E",5
552,Thăng Bình,Huyện,"15 42 29N, 108 22 04E",47
553,Thông Nông,Huyện,"22 49 09N, 105 57 05E",19
554,Thường Tín,Huyện,"20 49 59N, 105 22 19E",25
555,Thường Xuân,Huyện,"19 54 55N, 105 10 46E",56
556,Thái Bình,Thành phố,"20 26 45N, 106 19 56E",54
557,Thái Hoà,Thị xã,,41
558,Thái Nguyên,Thành phố,"21 33 20N, 105 48 26E",55
559,Thái Thụy,Huyện,"20 32 33N, 106 32 32E",54
560,Tháp Mười,Huyện,"10 33 36N, 105 47 13E",5
561,Thạch An,Huyện,"22 28 51N, 106 19 51E",19
562,Thạch Hà,Huyện,"18 19 29N, 105 52 43E",26
563,Thạch Thành,Huyện,"21 12 41N, 105 36 38E",56
564,Thạch Thất,Huyện,"21 02 17N, 105 33 05E",25
565,Thạnh Hóa,Huyện,"10 41 37N, 106 11 08E",39
566,Thạnh Phú,Huyện,"9 55 53N, 106 32 45E",17
567,Thạnh Trị,Huyện,"9 28 05N, 105 43 02E",52
568,Thọ Xuân,Huyện,"19 55 39N, 105 29 14E",56
569,Than Uyên,Huyện,"21 59 35N, 103 45 30E",38
570,Thanh Bình,Huyện,"10 36 38N, 105 28 51E",5
571,Thanh Ba,Huyện,"21 27 04N, 105 09 10E",44
572,Thanh Chương,Huyện,"18 44 11N, 105 12 59E",41
573,Thanh Hà,Huyện,"20 53 19N, 106 25 43E",27
574,Thanh Hóa,Thành phố,"19 48 26N, 105 47 37E",56
575,Thanh Khê,Quận,"16 03 28N, 108 11 00E",1
576,Thanh Liêm,Huyện,"20 27 31N, 105 55 09E",24
577,Thanh Miện,Huyện,"20 46 02N, 106 12 26E",27
578,Thanh Oai,Huyện,"20 51 44N, 105 46 18E",25
579,Thanh Sơn,Huyện,"21 08 32N, 105 04 40E",44
580,Thanh Thuỷ,Huyện,"21 07 26N, 105 17 18E",44
581,Thanh Trì,Huyện,"20 56 32N, 105 50 55E",25
582,Thanh Xuân,Quận,"20 59 44N, 105 48 56E",25
583,Thống Nhất,Huyện,"10 58 29N, 107 09 26E",4
584,Thốt Nốt,Quận,"10 14 23N, 105 32 02E",20
585,Thới Bình,Huyện,"9 22 50N, 105 07 35E",18
586,Thới Lai,Huyện,,20
587,Thiệu Hoá,Huyện,"19 53 56N, 105 40 57E",56
588,Thủ Đức,Quận,"10 51 20N, 106 45 05E",29
589,Thủ Dầu Một,Thị xã,"11 00 01N, 106 38 56E",14
590,Thủ Thừa,Huyện,"10 39 41N, 106 20 12E",39
591,Thoại Sơn,Huyện,"10 16 45N, 105 15 59E",7
592,Thuận An,Huyện,"10 55 58N, 106 41 59E",14
593,Thuận Bắc,Huyện,,43
594,Thuận Châu,Huyện,"21 24 54N, 103 39 46E",51
595,Thuận Nam,Huyện,,43
596,Thuận Thành,Huyện,"21 02 24N, 106 04 10E",12
597,Thuỷ Nguyên,Huyện,"20 56 36N, 106 39 38E",28
598,Tiên Du,Huyện,"21 07 37N, 106 02 19E",12
599,Tiên Lãng,Huyện,"20 42 23N, 106 36 03E",28
600,Tiên Lữ,Huyện,"20 40 05N, 106 07 59E",22
601,Tiên Phước,Huyện,"15 29 30N, 108 15 28E",47
602,Tiên Yên,Huyện,"21 22 24N, 107 22 50E",49
603,Tiền Hải,Huyện,"20 21 05N, 106 32 45E",54
604,Tiểu Cần,Huyện,"9 48 37N, 106 12 06E",59
605,Tủa Chùa,Huyện,"21 58 19N, 103 23 01E",6
606,Tứ Kỳ,Huyện,"20 49 05N, 106 24 05E",27
607,Từ Liêm,Huyện,"21 02 39N, 105 45 32E",25
608,Từ Sơn,Thị xã,"21 07 12N, 105 57 26E",12
609,Trường Sa,Huyện,"9 07 27N, 114 15 00E",32
610,Trà Ôn,Huyện,"9 59 20N, 105 57 56E",61
611,Trà Bồng,Huyện,"15 13 30N, 108 29 57E",48
612,Trà Cú,Huyện,"9 42 06N, 106 16 24E",59
613,Trà Lĩnh,Huyện,"22 48 14N, 106 19 47E",19
614,Trà Vinh,Thị xã,"9 57 09N, 106 20 39E",59
615,Tràng Định,Huyện,"22 18 09N, 106 26 32E",37
616,Trảng Bàng,Huyện,"11 06 18N, 106 23 12E",53
617,Trảng Bom,Huyện,"10 58 39N, 107 00 52E",4
618,Trạm Tấu,Huyện,"21 30 40N, 104 28 03E",63
619,Trần Đề,Huyện,,52
620,Trần Văn Thời,Huyện,"9 07 36N, 104 57 27E",18
621,Trấn Yên,Huyện,"21 42 20N, 104 48 56E",63
622,Tri Tôn,Huyện,"10 24 41N, 104 56 58E",7
623,Trùng Khánh,Huyện,"22 49 31N, 106 33 58E",19
624,Triệu Phong,Huyện,"16 46 32N, 107 09 12E",50
625,Triệu Sơn,Huyện,"19 48 11N, 105 34 03E",56
626,Trực Ninh,Huyện,"20 14 42N, 106 12 45E",40
627,Tu Mơ Rông,Huyện,,34
628,Tuần Giáo,Huyện,"21 38 03N, 103 21 06E",6
629,Tĩnh Gia,Huyện,"19 27 13N, 105 43 38E",56
630,Tuy Đức,Huyện,,3
631,Tuy An,Huyện,"13 15 19N, 109 12 21E",45
632,Tuy Hòa,Thành phố,"13 05 42N, 109 15 50E",45
633,Tuy Phước,Huyện,"13 46 30N, 109 05 38E",13
634,Tuy Phong,Huyện,"11 20 26N, 108 41 15E",16
635,Tuyên Hóa,Huyện,"17 54 04N, 105 58 17E",46
636,Tuyên Quang,Thị xã,"21 49 40N, 105 13 12E",60
637,Tịnh Biên,Huyện,"10 33 30N, 105 00 17E",7
638,U Minh,Huyện,"9 22 30N, 104 57 00E",18
639,U Minh Thượng,Huyện,,33
640,Uông Bí,Thị xã,"21 04 33N, 106 45 07E",49
641,Văn Bàn,Huyện,"22 03 48N, 104 10 59E",36
642,Văn Chấn,Huyện,"21 34 15N, 104 35 19E",63
643,Văn Giang,Huyện,"20 55 51N, 105 57 14E",22
644,Văn Lâm,Huyện,"20 58 31N, 106 02 51E",22
645,Văn Lãng,Huyện,"22 01 59N, 106 34 17E",37
646,Văn Quan,Huyện,"21 51 04N, 106 33 04E",37
647,Văn Yên,Huyện,"21 55 55N, 104 33 51E",63
648,Vân Đồn,Huyện,"20 56 17N, 107 28 02E",49
649,Vân Canh,Huyện,"13 40 35N, 108 57 52E",13
650,Vạn Ninh,Huyện,"12 43 10N, 109 11 18E",32
651,Võ Nhai,Huyện,"21 47 14N, 106 02 29E",55
652,Vinh,Thành phố,"18 41 06N, 105 42 05E",41
653,Việt Trì,Thành phố,"21 19 01N, 105 23 35E",44
654,Việt Yên,Huyện,"21 16 16N, 106 04 59E",10
655,Vụ Bản,Huyện,"20 22 57N, 106 05 35E",40
656,Vũ Quang,Huyện,"18 19 30N, 105 26 38E",26
657,Vũ Thư,Huyện,"20 25 29N, 106 16 43E",54
658,Vũng Liêm,Huyện,"10 03 32N, 106 10 35E",61
659,Vũng Tầu,Thành phố,"10 24 08N, 107 07 05E",8
660,Vĩnh Bảo,Huyện,"20 40 56N, 106 29 57E",28
661,Vĩnh Châu,Huyện,"9 20 50N, 105 59 58E",52
662,Vĩnh Cửu,Huyện,"11 14 31N, 107 00 06E",4
663,Vĩnh Hưng,Huyện,"10 52 54N, 105 45 58E",39
664,Vĩnh Lộc,Huyện,"20 02 29N, 105 39 28E",56
665,Vĩnh Lợi,Huyện,"9 16 51N, 105 40 54E",9
666,Vĩnh Linh,Huyện,"17 01 35N, 106 53 49E",50
667,Vĩnh Long,Thành phố,"10 15 09N, 105 56 08E",61
668,Vĩnh Tường,Huyện,"21 14 58N, 105 29 37E",62
669,Vĩnh Thạnh,Huyện,"14 14 26N, 108 44 08E",13
670,Vĩnh Thạnh,Huyện,"10 11 35N, 105 22 45E",20
671,Vĩnh Thuận,Huyện,"9 33 25N, 105 11 30E",33
672,Vĩnh Yên,Thành phố,"21 18 26N, 105 35 33E",62
673,Vị Thanh,Thị xã,"9 45 15N, 105 24 50E",30
674,Vị Thuỷ,Huyện,"9 48 05N, 105 32 13E",30
675,Vị Xuyên,Huyện,"22 45 50N, 104 56 26E",23
676,Xuân Lộc,Huyện,"10 55 39N, 107 24 21E",4
677,Xuân Trường,Huyện,"20 17 53N, 106 21 43E",40
678,Xuyên Mộc,Huyện,"10 37 46N, 107 29 39E",8
679,Xín Mần,Huyện,"22 38 05N, 104 28 35E",23
680,ý Yên,Huyện,"20 19 48N, 106 01 55E",40
681,Yên Định,Huyện,"20 00 31N, 105 37 44E",56
682,Yên Bái,Thành phố,"21 44 28N, 104 53 42E",63
683,Yên Bình,Huyện,"21 52 24N, 104 55 16E",63
684,Yên Châu,Huyện,"20 59 33N, 104 19 51E",51
685,Yên Dũng,Huyện,"21 12 22N, 106 14 12E",10
686,Yên Hưng,Huyện,"20 55 40N, 106 51 05E",49
687,Yên Khánh,Huyện,"20 11 26N, 106 04 33E",42
688,Yên Lạc,Huyện,"21 13 17N, 105 34 44E",62
689,Yên Lập,Huyện,"21 22 21N, 105 01 25E",44
690,Yên Mô,Huyện,"20 07 45N, 105 59 45E",42
691,Yên Minh,Huyện,"23 04 20N, 105 10 13E",23
692,Yên Mỹ,Huyện,"20 53 45N, 106 01 21E",22
693,Yên Phong,Huyện,"21 12 40N, 105 59 36E",12
694,Yên Sơn,Huyện,"21 51 53N, 105 18 14E",60
695,Yên Thành,Huyện,"19 01 25N, 105 26 17E",41
696,Yên Thủy,Huyện,"20 25 42N, 105 37 59E",31
697,Yên Thế,Huyện,"21 31 29N, 106 09 27E",10
